From,To
/hvac/docs/upload_tmp/Public/Mike/37MAHAQ06_45MBDA06.pdf,/hvac/docs/1009/Public/06/37MAHAQ06_45MBDA06.pdf
/hvac/docs/upload_tmp/Public/Mike/37MAHAQ06_45MCCAQ06_1WC.pdf,/hvac/docs/1009/Public/0A/37MAHAQ06_45MCCAQ06_1WC.pdf
/hvac/docs/upload_tmp/Public/Mike/37MAHAQ06_45MCCAQ06_1WC-BRY.pdf,/hvac/docs/1009/Public/02/37MAHAQ06_45MCCAQ06_1WC-BRY.pdf
/hvac/docs/upload_tmp/Public/Mike/37MAHAQ06_45MCCAQ06_1WC - MD.pdf,/hvac/docs/1009/Public/0F/37MAHAQ06_45MCCAQ06_1WC-MD.pdf
/hvac/docs/upload_tmp/Public/Mike/37MAHAQ06_45MCCAQ06_1WC-PAY.pdf,/hvac/docs/1009/Public/08/37MAHAQ06_45MCCAQ06_1WC-PAY.pdf
/hvac/docs/upload_tmp/Public/Mike/37MAHAQ09_45MBCAQ12.pdf,/hvac/docs/1009/Public/06/37MAHAQ09_45MBCAQ12.pdf
/hvac/docs/upload_tmp/Public/Mike/37MAHAQ09_45MBCAQ12_4WC-BRY.pdf,/hvac/docs/1009/Public/0A/37MAHAQ09_45MBCAQ12_4WC-BRY.pdf
/hvac/docs/upload_tmp/Public/Mike/37MAHAQ09_45MBCAQ12_4WC - MD.pdf,/hvac/docs/1009/Public/0E/37MAHAQ09_45MBCAQ12_4WC-MD.pdf
/hvac/docs/upload_tmp/Public/Mike/37MAHAQ09_45MBCAQ12_4WC-PAY.pdf,/hvac/docs/1009/Public/00/37MAHAQ09_45MBCAQ12_4WC-PAY.pdf
/hvac/docs/upload_tmp/Public/Mike/37MAHAQ09_45MBDAQ12_HS.pdf,/hvac/docs/1009/Public/08/37MAHAQ09_45MBDAQ12_HS.pdf
/hvac/docs/upload_tmp/Public/Mike/37MAHAQ09_45MBFAQ09_FC-BRY.pdf,/hvac/docs/1009/Public/0B/37MAHAQ09_45MBFAQ09_FC-BRY.pdf
/hvac/docs/upload_tmp/Public/Mike/37MAHAQ09_45MBFAQ09_FC - MD.pdf,/hvac/docs/1009/Public/05/37MAHAQ09_45MBFAQ09_FC-MD.pdf
/hvac/docs/upload_tmp/Public/Mike/37MAHAQ09_45MCCAQ12_1WC.pdf,/hvac/docs/1009/Public/09/37MAHAQ09_45MCCAQ12_1WC.pdf
/hvac/docs/upload_tmp/Public/Mike/37MAHAQ09_45MCCAQ12_1WC-BRY.pdf,/hvac/docs/1009/Public/0B/37MAHAQ09_45MCCAQ12_1WC-BRY.pdf
/hvac/docs/upload_tmp/Public/Mike/37MAHAQ09_45MCCAQ12_1WC - MD.pdf,/hvac/docs/1009/Public/09/37MAHAQ09_45MCCAQ12_1WC-MD.pdf
/hvac/docs/upload_tmp/Public/Mike/37MAHAQ09_45MCCAQ12_1WC-PAY.pdf,/hvac/docs/1009/Public/0A/37MAHAQ09_45MCCAQ12_1WC-PAY.pdf
/hvac/docs/upload_tmp/Public/Mike/37MAHAQ12_45MBCAQ12.pdf,/hvac/docs/1009/Public/08/37MAHAQ12_45MBCAQ12.pdf
/hvac/docs/upload_tmp/Public/Mike/37MAHAQ12_45MBCAQ12_4WC-BRY.pdf,/hvac/docs/1009/Public/0C/37MAHAQ12_45MBCAQ12_4WC-BRY.pdf
/hvac/docs/upload_tmp/Public/Mike/37MAHAQ12_45MBCAQ12_4WC - MD.pdf,/hvac/docs/1009/Public/06/37MAHAQ12_45MBCAQ12_4WC-MD.pdf
/hvac/docs/upload_tmp/Public/Mike/37MAHAQ12_45MBCAQ12_4WC-PAY.pdf,/hvac/docs/1009/Public/02/37MAHAQ12_45MBCAQ12_4WC-PAY.pdf
/hvac/docs/upload_tmp/Public/Mike/37MAHAQ12_45MBDA12.pdf,/hvac/docs/1009/Public/07/37MAHAQ12_45MBDA12.pdf
/hvac/docs/upload_tmp/Public/Mike/37MAHAQ12_45MBDAQ12_HS.pdf,/hvac/docs/1009/Public/08/37MAHAQ12_45MBDAQ12_HS.pdf
/hvac/docs/upload_tmp/Public/Mike/37MAHAQ12_45MBFAQ12_FC-BRY.pdf,/hvac/docs/1009/Public/0F/37MAHAQ12_45MBFAQ12_FC-BRY.pdf
/hvac/docs/upload_tmp/Public/Mike/37MAHAQ12_45MBFAQ12_FC - MD.pdf,/hvac/docs/1009/Public/06/37MAHAQ12_45MBFAQ12_FC-MD.pdf
/hvac/docs/upload_tmp/Public/Mike/37MAHAQ12_45MCCAQ12_1WC.pdf,/hvac/docs/1009/Public/03/37MAHAQ12_45MCCAQ12_1WC.pdf
/hvac/docs/upload_tmp/Public/Mike/37MAHAQ12_45MCCAQ12_1WC-BRY.pdf,/hvac/docs/1009/Public/06/37MAHAQ12_45MCCAQ12_1WC-BRY.pdf
/hvac/docs/upload_tmp/Public/Mike/37MAHAQ12_45MCCAQ12_1WC - MD.pdf,/hvac/docs/1009/Public/08/37MAHAQ12_45MCCAQ12_1WC-MD.pdf
/hvac/docs/upload_tmp/Public/Mike/37MAHAQ12_45MCCAQ12_1WC-PAY.pdf,/hvac/docs/1009/Public/06/37MAHAQ12_45MCCAQ12_1WC-PAY.pdf
/hvac/docs/upload_tmp/Public/Mike/37MAHAQ18_45MBAAQ18_AHU2.pdf,/hvac/docs/1009/Public/0D/37MAHAQ18_45MBAAQ18_AHU2.pdf
/hvac/docs/upload_tmp/Public/Mike/37MAHAQ18_45MBAAQ18_AHU2-BRY.pdf,/hvac/docs/1009/Public/0E/37MAHAQ18_45MBAAQ18_AHU2-BRY.pdf
/hvac/docs/upload_tmp/Public/Mike/37MAHAQ18_45MBAAQ18_AHU2 - MD.pdf,/hvac/docs/1009/Public/0C/37MAHAQ18_45MBAAQ18_AHU2-MD.pdf
/hvac/docs/upload_tmp/Public/Mike/37MAHAQ18_45MBAAQ18_AHU2-PAY.pdf,/hvac/docs/1009/Public/09/37MAHAQ18_45MBAAQ18_AHU2-PAY.pdf
/hvac/docs/upload_tmp/Public/Mike/37MAHAQ18_45MBCAQ18.pdf,/hvac/docs/1009/Public/08/37MAHAQ18_45MBCAQ18.pdf
/hvac/docs/upload_tmp/Public/Mike/37MAHAQ18_45MBCAQ18_4WC-BRY.pdf,/hvac/docs/1009/Public/04/37MAHAQ18_45MBCAQ18_4WC-BRY.pdf
/hvac/docs/upload_tmp/Public/Mike/37MAHAQ18_45MBCAQ18_4WC - MD.pdf,/hvac/docs/1009/Public/08/37MAHAQ18_45MBCAQ18_4WC-MD.pdf
/hvac/docs/upload_tmp/Public/Mike/37MAHAQ18_45MBCAQ18_4WC-PAY.pdf,/hvac/docs/1009/Public/0D/37MAHAQ18_45MBCAQ18_4WC-PAY.pdf
/hvac/docs/upload_tmp/Public/Mike/37MAHAQ18_45MBDA18.pdf,/hvac/docs/1009/Public/0E/37MAHAQ18_45MBDA18.pdf
/hvac/docs/upload_tmp/Public/Mike/37MAHAQ18_45MBDAQ18_HS.pdf,/hvac/docs/1009/Public/0E/37MAHAQ18_45MBDAQ18_HS.pdf
/hvac/docs/upload_tmp/Public/Mike/37MAHAQ18_45MBFAQ16.pdf,/hvac/docs/1009/Public/0F/37MAHAQ18_45MBFAQ16.pdf
/hvac/docs/upload_tmp/Public/Mike/37MAHAQ18_45MBFAQ16_FC-BRY.pdf,/hvac/docs/1009/Public/09/37MAHAQ18_45MBFAQ16_FC-BRY.pdf
/hvac/docs/upload_tmp/Public/Mike/37MAHAQ18_45MBFAQ16_FC - MD.pdf,/hvac/docs/1009/Public/0B/37MAHAQ18_45MBFAQ16_FC-MD.pdf
/hvac/docs/upload_tmp/Public/Mike/37MAHAQ18_45MCCAQ18_1WC.pdf,/hvac/docs/1009/Public/0F/37MAHAQ18_45MCCAQ18_1WC.pdf
/hvac/docs/upload_tmp/Public/Mike/37MAHAQ18_45MCCAQ18_1WC-BRY.pdf,/hvac/docs/1009/Public/05/37MAHAQ18_45MCCAQ18_1WC-BRY.pdf
/hvac/docs/upload_tmp/Public/Mike/37MAHAQ18_45MCCAQ18_1WC - MD.pdf,/hvac/docs/1009/Public/06/37MAHAQ18_45MCCAQ18_1WC-MD.pdf
/hvac/docs/upload_tmp/Public/Mike/37MAHAQ18_45MCCAQ18_1WC-PAY.pdf,/hvac/docs/1009/Public/00/37MAHAQ18_45MCCAQ18_1WC-PAY.pdf
/hvac/docs/upload_tmp/Public/Mike/37MAHAQ18_45MCFAQ18.pdf,/hvac/docs/1009/Public/07/37MAHAQ18_45MCFAQ18.pdf
/hvac/docs/upload_tmp/Public/Mike/37MAHAQ18_45MCFAQ18_CF - MD.pdf,/hvac/docs/1009/Public/0E/37MAHAQ18_45MCFAQ18_CF-MD.pdf
/hvac/docs/upload_tmp/Public/Mike/37MAHAQ24_45MBAAQ24_AHU2.pdf,/hvac/docs/1009/Public/0F/37MAHAQ24_45MBAAQ24_AHU2.pdf
/hvac/docs/upload_tmp/Public/Mike/37MAHAQ24_45MBAAQ24_AHU2-BRY.pdf,/hvac/docs/1009/Public/05/37MAHAQ24_45MBAAQ24_AHU2-BRY.pdf
/hvac/docs/upload_tmp/Public/Mike/37MAHAQ24_45MBAAQ24_AHU2 - MD.pdf,/hvac/docs/1009/Public/02/37MAHAQ24_45MBAAQ24_AHU2-MD.pdf
/hvac/docs/upload_tmp/Public/Mike/37MAHAQ24_45MBAAQ24_AHU2-PAY.pdf,/hvac/docs/1009/Public/0D/37MAHAQ24_45MBAAQ24_AHU2-PAY.pdf
/hvac/docs/upload_tmp/Public/Mike/37MAHAQ24_45MBCAQ24.pdf,/hvac/docs/1009/Public/00/37MAHAQ24_45MBCAQ24.pdf
/hvac/docs/upload_tmp/Public/Mike/37MAHAQ24_45MBCAQ24_4WC-BRY.pdf,/hvac/docs/1009/Public/03/37MAHAQ24_45MBCAQ24_4WC-BRY.pdf
/hvac/docs/upload_tmp/Public/Mike/37MAHAQ24_45MBCAQ24_4WC - MD.pdf,/hvac/docs/1009/Public/06/37MAHAQ24_45MBCAQ24_4WC-MD.pdf
/hvac/docs/upload_tmp/Public/Mike/37MAHAQ24_45MBCAQ24_4WC-PAY.pdf,/hvac/docs/1009/Public/0C/37MAHAQ24_45MBCAQ24_4WC-PAY.pdf
/hvac/docs/upload_tmp/Public/Mike/37MAHAQ24_45MBDAQ24_HS.pdf,/hvac/docs/1009/Public/0C/37MAHAQ24_45MBDAQ24_HS.pdf
/hvac/docs/upload_tmp/Public/Mike/37MAHAQ24_45MCFAQ24.pdf,/hvac/docs/1009/Public/09/37MAHAQ24_45MCFAQ24.pdf
/hvac/docs/upload_tmp/Public/Mike/37MAHAQ24_45MCFAQ24_CF - MD.pdf,/hvac/docs/1009/Public/08/37MAHAQ24_45MCFAQ24_CF-MD.pdf
/hvac/docs/upload_tmp/Public/Mike/37MARA09_45MAHA09.pdf,/hvac/docs/1009/Public/0C/37MARA09_45MAHA09.pdf
/hvac/docs/upload_tmp/Public/Mike/37MARA12_45MAHA12.pdf,/hvac/docs/1009/Public/04/37MARA12_45MAHA12.pdf
/hvac/docs/upload_tmp/Public/Mike/37MARA18_45MAHA18.pdf,/hvac/docs/1009/Public/00/37MARA18_45MAHA18.pdf
/hvac/docs/upload_tmp/Public/Mike/37MARA24_45MAHA24.pdf,/hvac/docs/1009/Public/00/37MARA24_45MAHA24.pdf
/hvac/docs/upload_tmp/Public/Mike/37MARA30_45MAHA30.pdf,/hvac/docs/1009/Public/02/37MARA30_45MAHA30.pdf
/hvac/docs/upload_tmp/Public/Mike/37MARA36_45MAHA36.pdf,/hvac/docs/1009/Public/0D/37MARA36_45MAHA36.pdf
/hvac/docs/upload_tmp/Public/Mike/37MARAQ09_45MBCAQ12_4WC.pdf,/hvac/docs/1009/Public/0F/37MARAQ09_45MBCAQ12_4WC.pdf
/hvac/docs/upload_tmp/Public/Mike/37MARAQ09_45MBCAQ12_4WC-BRY.pdf,/hvac/docs/1009/Public/08/37MARAQ09_45MBCAQ12_4WC-BRY.pdf
/hvac/docs/upload_tmp/Public/Mike/37MARAQ09_45MBCAQ12_4WC - MD.pdf,/hvac/docs/1009/Public/06/37MARAQ09_45MBCAQ12_4WC-MD.pdf
/hvac/docs/upload_tmp/Public/Mike/37MARAQ09_45MBCAQ12_4WC-PAY.pdf,/hvac/docs/1009/Public/01/37MARAQ09_45MBCAQ12_4WC-PAY.pdf
/hvac/docs/upload_tmp/Public/Mike/37MARAQ09_45MBDAQ12_HSD.pdf,/hvac/docs/1009/Public/06/37MARAQ09_45MBDAQ12_HSD.pdf
/hvac/docs/upload_tmp/Public/Mike/37MARAQ09_45MBDAQ12-LSD.pdf,/hvac/docs/1009/Public/0D/37MARAQ09_45MBDAQ12-LSD.pdf
/hvac/docs/upload_tmp/Public/Mike/37MARAQ09_45MBFAQ09_FC.pdf,/hvac/docs/1009/Public/06/37MARAQ09_45MBFAQ09_FC.pdf
/hvac/docs/upload_tmp/Public/Mike/37MARAQ09_45MBFAQ09_FC-BRY.pdf,/hvac/docs/1009/Public/0F/37MARAQ09_45MBFAQ09_FC-BRY.pdf
/hvac/docs/upload_tmp/Public/Mike/37MARAQ09_45MBFAQ09_FC - MD.pdf,/hvac/docs/1009/Public/08/37MARAQ09_45MBFAQ09_FC-MD.pdf
/hvac/docs/upload_tmp/Public/Mike/37MARAQ09_45MBFAQ09_FC-PAY.pdf,/hvac/docs/1009/Public/0F/37MARAQ09_45MBFAQ09_FC-PAY.pdf
/hvac/docs/upload_tmp/Public/Mike/37MARAQ09_45MCCAQ12_1WC.pdf,/hvac/docs/1009/Public/04/37MARAQ09_45MCCAQ12_1WC.pdf
/hvac/docs/upload_tmp/Public/Mike/37MARAQ09_45MCCAQ12_1WC-BRY.pdf,/hvac/docs/1009/Public/0C/37MARAQ09_45MCCAQ12_1WC-BRY.pdf
/hvac/docs/upload_tmp/Public/Mike/37MARAQ09_45MCCAQ12_1WC - MD.pdf,/hvac/docs/1009/Public/03/37MARAQ09_45MCCAQ12_1WC-MD.pdf
/hvac/docs/upload_tmp/Public/Mike/37MARAQ09_45MCCAQ12_1WC-PAY.pdf,/hvac/docs/1009/Public/08/37MARAQ09_45MCCAQ12_1WC-PAY.pdf
/hvac/docs/upload_tmp/Public/Mike/37MARAQ12_45MAHAQ12_HW - 115V.pdf,/hvac/docs/1009/Public/03/37MARAQ12_45MAHAQ12_HW - 115V.pdf
/hvac/docs/upload_tmp/Public/Mike/37MARAQ12_45MBCAQ12_4WC.pdf,/hvac/docs/1009/Public/0B/37MARAQ12_45MBCAQ12_4WC.pdf
/hvac/docs/upload_tmp/Public/Mike/37MARAQ12_45MBCAQ12_4WC-BRY.pdf,/hvac/docs/1009/Public/0F/37MARAQ12_45MBCAQ12_4WC-BRY.pdf
/hvac/docs/upload_tmp/Public/Mike/37MARAQ12_45MBCAQ12_4WC - MD.pdf,/hvac/docs/1009/Public/0F/37MARAQ12_45MBCAQ12_4WC-MD.pdf
/hvac/docs/upload_tmp/Public/Mike/37MARAQ12_45MBCAQ12_4WC-PAY.pdf,/hvac/docs/1009/Public/05/37MARAQ12_45MBCAQ12_4WC-PAY.pdf
/hvac/docs/upload_tmp/Public/Mike/37MARAQ12_45MBDAQ12_HSD.pdf,/hvac/docs/1009/Public/02/37MARAQ12_45MBDAQ12_HSD.pdf
/hvac/docs/upload_tmp/Public/Mike/37MARAQ12_45MBFAQ12_FC.pdf,/hvac/docs/1009/Public/0C/37MARAQ12_45MBFAQ12_FC.pdf
/hvac/docs/upload_tmp/Public/Mike/37MARAQ12_45MBFAQ12_FC-BRY.pdf,/hvac/docs/1009/Public/0B/37MARAQ12_45MBFAQ12_FC-BRY.pdf
/hvac/docs/upload_tmp/Public/Mike/37MARAQ12_45MBFAQ12_FC - MD.pdf,/hvac/docs/1009/Public/0D/37MARAQ12_45MBFAQ12_FC-MD.pdf
/hvac/docs/upload_tmp/Public/Mike/37MARAQ12_45MBFAQ12_FC-PAY.pdf,/hvac/docs/1009/Public/01/37MARAQ12_45MBFAQ12_FC-PAY.pdf
/hvac/docs/upload_tmp/Public/Mike/37MARAQ12_45MCCAQ12_1WC.pdf,/hvac/docs/1009/Public/00/37MARAQ12_45MCCAQ12_1WC.pdf
/hvac/docs/upload_tmp/Public/Mike/37MARAQ12_45MCCAQ12_1WC-BRY.pdf,/hvac/docs/1009/Public/00/37MARAQ12_45MCCAQ12_1WC-BRY.pdf
/hvac/docs/upload_tmp/Public/Mike/37MARAQ12_45MCCAQ12_1WC - MD.pdf,/hvac/docs/1009/Public/0F/37MARAQ12_45MCCAQ12_1WC-MD.pdf
/hvac/docs/upload_tmp/Public/Mike/37MARAQ12_45MCCAQ12_1WC-PAY.pdf,/hvac/docs/1009/Public/06/37MARAQ12_45MCCAQ12_1WC-PAY.pdf
/hvac/docs/upload_tmp/Public/Mike/37MARAQ12_D5MAHAQ12_115V - MD.pdf,/hvac/docs/1009/Public/05/37MARAQ12_D5MAHAQ12_115V-MD.pdf
/hvac/docs/upload_tmp/Public/Mike/37MARAQ12_D5MAHAQ12_HW-PAY - 115.pdf,/hvac/docs/1009/Public/08/37MARAQ12_D5MAHAQ12_HW-PAY - 115.pdf
/hvac/docs/upload_tmp/Public/Mike/37MARAQ18_45MBAAQ18_AHU2.pdf,/hvac/docs/1009/Public/02/37MARAQ18_45MBAAQ18_AHU2.pdf
/hvac/docs/upload_tmp/Public/Mike/37MARAQ18_45MBAAQ18_AHU2-BRY.pdf,/hvac/docs/1009/Public/02/37MARAQ18_45MBAAQ18_AHU2-BRY.pdf
/hvac/docs/upload_tmp/Public/Mike/37MARAQ18_45MBAAQ18_AHU2 - MD.pdf,/hvac/docs/1009/Public/01/37MARAQ18_45MBAAQ18_AHU2-MD.pdf
/hvac/docs/upload_tmp/Public/Mike/37MARAQ18_45MBAAQ18_AHU2-PAY.pdf,/hvac/docs/1009/Public/01/37MARAQ18_45MBAAQ18_AHU2-PAY.pdf
/hvac/docs/upload_tmp/Public/Mike/37MARAQ18_45MBCAQ18_4WC.pdf,/hvac/docs/1009/Public/0F/37MARAQ18_45MBCAQ18_4WC.pdf
/hvac/docs/upload_tmp/Public/Mike/37MARAQ18_45MBCAQ18_4WC-BRY.pdf,/hvac/docs/1009/Public/0C/37MARAQ18_45MBCAQ18_4WC-BRY.pdf
/hvac/docs/upload_tmp/Public/Mike/37MARAQ18_45MBCAQ18_4WC - MD.pdf,/hvac/docs/1009/Public/03/37MARAQ18_45MBCAQ18_4WC-MD.pdf
/hvac/docs/upload_tmp/Public/Mike/37MARAQ18_45MBCAQ18_4WC-PAY.pdf,/hvac/docs/1009/Public/06/37MARAQ18_45MBCAQ18_4WC-PAY.pdf
/hvac/docs/upload_tmp/Public/Mike/37MARAQ18_45MBDAQ18_HSD.pdf,/hvac/docs/1009/Public/0A/37MARAQ18_45MBDAQ18_HSD.pdf
/hvac/docs/upload_tmp/Public/Mike/37MARAQ18_45MBFAQ16_FC.pdf,/hvac/docs/1009/Public/0A/37MARAQ18_45MBFAQ16_FC.pdf
/hvac/docs/upload_tmp/Public/Mike/37MARAQ18_45MBFAQ16_FC-BRY.pdf,/hvac/docs/1009/Public/02/37MARAQ18_45MBFAQ16_FC-BRY.pdf
/hvac/docs/upload_tmp/Public/Mike/37MARAQ18_45MBFAQ16_FC - MD.pdf,/hvac/docs/1009/Public/00/37MARAQ18_45MBFAQ16_FC-MD.pdf
/hvac/docs/upload_tmp/Public/Mike/37MARAQ18_45MBFAQ16_FC-PAY.pdf,/hvac/docs/1009/Public/08/37MARAQ18_45MBFAQ16_FC-PAY.pdf
/hvac/docs/upload_tmp/Public/Mike/37MARAQ18_45MCCAQ18_1WC.pdf,/hvac/docs/1009/Public/00/37MARAQ18_45MCCAQ18_1WC.pdf
/hvac/docs/upload_tmp/Public/Mike/37MARAQ18_45MCCAQ18_1WC-BRY.pdf,/hvac/docs/1009/Public/0A/37MARAQ18_45MCCAQ18_1WC-BRY.pdf
/hvac/docs/upload_tmp/Public/Mike/37MARAQ18_45MCCAQ18_1WC - MD.pdf,/hvac/docs/1009/Public/08/37MARAQ18_45MCCAQ18_1WC-MD.pdf
/hvac/docs/upload_tmp/Public/Mike/37MARAQ18_45MCCAQ18_1WC-PAY.pdf,/hvac/docs/1009/Public/03/37MARAQ18_45MCCAQ18_1WC-PAY.pdf
/hvac/docs/upload_tmp/Public/Mike/37MARAQ18_45MCFAQ18_CF.pdf,/hvac/docs/1009/Public/0B/37MARAQ18_45MCFAQ18_CF.pdf
/hvac/docs/upload_tmp/Public/Mike/37MARAQ18_45MCFAQ18_CF-BRY.pdf,/hvac/docs/1009/Public/0E/37MARAQ18_45MCFAQ18_CF-BRY.pdf
/hvac/docs/upload_tmp/Public/Mike/37MARAQ18_45MCFAQ18_CF - MD.pdf,/hvac/docs/1009/Public/01/37MARAQ18_45MCFAQ18_CF-MD.pdf
/hvac/docs/upload_tmp/Public/Mike/37MARAQ18_45MCFAQ18_CF-PAY.pdf,/hvac/docs/1009/Public/04/37MARAQ18_45MCFAQ18_CF-PAY.pdf
/hvac/docs/upload_tmp/Public/Mike/37MARAQ24_45MBAAQ24_AHU2.pdf,/hvac/docs/1009/Public/0A/37MARAQ24_45MBAAQ24_AHU2.pdf
/hvac/docs/upload_tmp/Public/Mike/37MARAQ24_45MBAAQ24_AHU2-BRY.pdf,/hvac/docs/1009/Public/0C/37MARAQ24_45MBAAQ24_AHU2-BRY.pdf
/hvac/docs/upload_tmp/Public/Mike/37MARAQ24_45MBAAQ24_AHU2 - MD.pdf,/hvac/docs/1009/Public/06/37MARAQ24_45MBAAQ24_AHU2-MD.pdf
/hvac/docs/upload_tmp/Public/Mike/37MARAQ24_45MBAAQ24_AHU2-PAY.pdf,/hvac/docs/1009/Public/0C/37MARAQ24_45MBAAQ24_AHU2-PAY.pdf
/hvac/docs/upload_tmp/Public/Mike/37MARAQ24_45MBCAQ24_4WC.pdf,/hvac/docs/1009/Public/0D/37MARAQ24_45MBCAQ24_4WC.pdf
/hvac/docs/upload_tmp/Public/Mike/37MARAQ24_45MBCAQ24_4WC-BRY.pdf,/hvac/docs/1009/Public/0A/37MARAQ24_45MBCAQ24_4WC-BRY.pdf
/hvac/docs/upload_tmp/Public/Mike/37MARAQ24_45MBCAQ24_4WC - MD.pdf,/hvac/docs/1009/Public/01/37MARAQ24_45MBCAQ24_4WC-MD.pdf
/hvac/docs/upload_tmp/Public/Mike/37MARAQ24_45MBCAQ24_4WC-PAY.pdf,/hvac/docs/1009/Public/01/37MARAQ24_45MBCAQ24_4WC-PAY.pdf
/hvac/docs/upload_tmp/Public/Mike/37MARAQ24_45MBDAQ24_HSD.pdf,/hvac/docs/1009/Public/02/37MARAQ24_45MBDAQ24_HSD.pdf
/hvac/docs/upload_tmp/Public/Mike/37MARAQ24_45MCFAQ24_CF.pdf,/hvac/docs/1009/Public/03/37MARAQ24_45MCFAQ24_CF.pdf
/hvac/docs/upload_tmp/Public/Mike/37MARAQ24_45MCFAQ24_CF-BRY.pdf,/hvac/docs/1009/Public/0C/37MARAQ24_45MCFAQ24_CF-BRY.pdf
/hvac/docs/upload_tmp/Public/Mike/37MARAQ24_45MCFAQ24_CF - MD.pdf,/hvac/docs/1009/Public/06/37MARAQ24_45MCFAQ24_CF-MD.pdf
/hvac/docs/upload_tmp/Public/Mike/37MARAQ24_45MCFAQ24_CF-PAY.pdf,/hvac/docs/1009/Public/0C/37MARAQ24_45MCFAQ24_CF-PAY.pdf
/hvac/docs/upload_tmp/Public/Mike/37MARAQ30_45MBAAQ30_AHU2.pdf,/hvac/docs/1009/Public/05/37MARAQ30_45MBAAQ30_AHU2.pdf
/hvac/docs/upload_tmp/Public/Mike/37MARAQ30_45MBAAQ30_AHU2-BRY.pdf,/hvac/docs/1009/Public/04/37MARAQ30_45MBAAQ30_AHU2-BRY.pdf
/hvac/docs/upload_tmp/Public/Mike/37MARAQ30_45MBAAQ30_AHU2 - MD.pdf,/hvac/docs/1009/Public/07/37MARAQ30_45MBAAQ30_AHU2-MD.pdf
/hvac/docs/upload_tmp/Public/Mike/37MARAQ30_45MBAAQ30_AHU2-PAY.pdf,/hvac/docs/1009/Public/07/37MARAQ30_45MBAAQ30_AHU2-PAY.pdf
/hvac/docs/upload_tmp/Public/Mike/37MARAQ36_45MBAAQ36_AHU2.pdf,/hvac/docs/1009/Public/09/37MARAQ36_45MBAAQ36_AHU2.pdf
/hvac/docs/upload_tmp/Public/Mike/37MARAQ36_45MBAAQ36_AHU2-BRY.pdf,/hvac/docs/1009/Public/0E/37MARAQ36_45MBAAQ36_AHU2-BRY.pdf
/hvac/docs/upload_tmp/Public/Mike/37MARAQ36_45MBAAQ36_AHU2 - MD.pdf,/hvac/docs/1009/Public/02/37MARAQ36_45MBAAQ36_AHU2-MD.pdf
/hvac/docs/upload_tmp/Public/Mike/37MARAQ36_45MBAAQ36_AHU2-PAY.pdf,/hvac/docs/1009/Public/07/37MARAQ36_45MBAAQ36_AHU2-PAY.pdf
/hvac/docs/upload_tmp/Public/Mike/37MBHAQ36_45MBDAQ36_HSD.pdf,/hvac/docs/1009/Public/04/37MBHAQ36_45MBDAQ36_HSD.pdf
/hvac/docs/upload_tmp/Public/Mike/37MBHAQ48_45MBDAQ48_HSD.pdf,/hvac/docs/1009/Public/0F/37MBHAQ48_45MBDAQ48_HSD.pdf
/hvac/docs/upload_tmp/Public/Mike/37MBHAQ58_45MBDAQ58_HSD.pdf,/hvac/docs/1009/Public/0D/37MBHAQ58_45MBDAQ58_HSD.pdf
/hvac/docs/upload_tmp/Public/Mike/37MBRAQ36_45MBAAQ36_AHU2.pdf,/hvac/docs/1009/Public/09/37MBRAQ36_45MBAAQ36_AHU2.pdf
/hvac/docs/upload_tmp/Public/Mike/37MBRAQ36_45MBAAQ36_AHU2 - BRY.pdf,/hvac/docs/1009/Public/0F/37MBRAQ36_45MBAAQ36_AHU2-BRY.pdf
/hvac/docs/upload_tmp/Public/Mike/37MBRAQ36_45MBAAQ36_AHU2 - MD.pdf,/hvac/docs/1009/Public/06/37MBRAQ36_45MBAAQ36_AHU2-MD.pdf
/hvac/docs/upload_tmp/Public/Mike/37MBRAQ36_45MBAAQ36_AHU2 - PAY.pdf,/hvac/docs/1009/Public/0E/37MBRAQ36_45MBAAQ36_AHU2-PAY.pdf
/hvac/docs/upload_tmp/Public/Mike/37MBRAQ36_45MBCAQ36_4WC.pdf,/hvac/docs/1009/Public/0F/37MBRAQ36_45MBCAQ36_4WC.pdf
/hvac/docs/upload_tmp/Public/Mike/37MBRAQ36_45MBCAQ36_4WC - BRY.pdf,/hvac/docs/1009/Public/0F/37MBRAQ36_45MBCAQ36_4WC-BRY.pdf
/hvac/docs/upload_tmp/Public/Mike/37MBRAQ36_45MBCAQ36_4WC - MD.pdf,/hvac/docs/1009/Public/0C/37MBRAQ36_45MBCAQ36_4WC-MD.pdf
/hvac/docs/upload_tmp/Public/Mike/37MBRAQ36_45MBCAQ36_4WC - PAY.pdf,/hvac/docs/1009/Public/09/37MBRAQ36_45MBCAQ36_4WC-PAY.pdf
/hvac/docs/upload_tmp/Public/Mike/37MBRAQ36_45MBDAQ36_HS.pdf,/hvac/docs/1009/Public/0F/37MBRAQ36_45MBDAQ36_HS.pdf
/hvac/docs/upload_tmp/Public/Mike/37MBRAQ36_45MCFAQ36_CF.pdf,/hvac/docs/1009/Public/0A/37MBRAQ36_45MCFAQ36_CF.pdf
/hvac/docs/upload_tmp/Public/Mike/37MBRAQ36_45MCFAQ36_CF - BRY.pdf,/hvac/docs/1009/Public/02/37MBRAQ36_45MCFAQ36_CF-BRY.pdf
/hvac/docs/upload_tmp/Public/Mike/37MBRAQ36_45MCFAQ36_CF - MD.pdf,/hvac/docs/1009/Public/0D/37MBRAQ36_45MCFAQ36_CF-MD.pdf
/hvac/docs/upload_tmp/Public/Mike/37MBRAQ36_45MCFAQ36_CF - PAY.pdf,/hvac/docs/1009/Public/05/37MBRAQ36_45MCFAQ36_CF-PAY.pdf
/hvac/docs/upload_tmp/Public/Mike/37MBRAQ48_45MBAAQ48_AHU2.pdf,/hvac/docs/1009/Public/09/37MBRAQ48_45MBAAQ48_AHU2.pdf
/hvac/docs/upload_tmp/Public/Mike/37MBRAQ48_45MBAAQ48_AHU2 - BRY.pdf,/hvac/docs/1009/Public/0B/37MBRAQ48_45MBAAQ48_AHU2-BRY.pdf
/hvac/docs/upload_tmp/Public/Mike/37MBRAQ48_45MBAAQ48_AHU2 - MD.pdf,/hvac/docs/1009/Public/0E/37MBRAQ48_45MBAAQ48_AHU2-MD.pdf
/hvac/docs/upload_tmp/Public/Mike/37MBRAQ48_45MBAAQ48_AHU2 - PAY.pdf,/hvac/docs/1009/Public/04/37MBRAQ48_45MBAAQ48_AHU2-PAY.pdf
/hvac/docs/upload_tmp/Public/Mike/37MBRAQ48_45MBCAQ48_4WC.pdf,/hvac/docs/1009/Public/0E/37MBRAQ48_45MBCAQ48_4WC.pdf
/hvac/docs/upload_tmp/Public/Mike/37MBRAQ48_45MBCAQ48_4WC - BRY.pdf,/hvac/docs/1009/Public/04/37MBRAQ48_45MBCAQ48_4WC-BRY.pdf
/hvac/docs/upload_tmp/Public/Mike/37MBRAQ48_45MBCAQ48_4WC - MD.pdf,/hvac/docs/1009/Public/0F/37MBRAQ48_45MBCAQ48_4WC-MD.pdf
/hvac/docs/upload_tmp/Public/Mike/37MBRAQ48_45MBCAQ48_4WC - PAY.pdf,/hvac/docs/1009/Public/04/37MBRAQ48_45MBCAQ48_4WC-PAY.pdf
/hvac/docs/upload_tmp/Public/Mike/37MBRAQ48_45MBDAQ48_HS.pdf,/hvac/docs/1009/Public/09/37MBRAQ48_45MBDAQ48_HS.pdf
/hvac/docs/upload_tmp/Public/Mike/37MBRAQ48_45MCFAQ48_CF.pdf,/hvac/docs/1009/Public/0E/37MBRAQ48_45MCFAQ48_CF.pdf
/hvac/docs/upload_tmp/Public/Mike/37MBRAQ48_45MCFAQ48_CF - BRY.pdf,/hvac/docs/1009/Public/05/37MBRAQ48_45MCFAQ48_CF-BRY.pdf
/hvac/docs/upload_tmp/Public/Mike/37MBRAQ48_45MCFAQ48_CF - MD.pdf,/hvac/docs/1009/Public/0B/37MBRAQ48_45MCFAQ48_CF-MD.pdf
/hvac/docs/upload_tmp/Public/Mike/37MBRAQ48_45MCFAQ48_CF - PAY.pdf,/hvac/docs/1009/Public/01/37MBRAQ48_45MCFAQ48_CF-PAY.pdf
/hvac/docs/upload_tmp/Public/Mike/37MBRAQ58_45MBAAQ60_AHU2.pdf,/hvac/docs/1009/Public/00/37MBRAQ58_45MBAAQ60_AHU2.pdf
/hvac/docs/upload_tmp/Public/Mike/37MBRAQ58_45MBAAQ60_AHU2 - BRY.pdf,/hvac/docs/1009/Public/05/37MBRAQ58_45MBAAQ60_AHU2-BRY.pdf
/hvac/docs/upload_tmp/Public/Mike/37MBRAQ58_45MBAAQ60_AHU2 - MD.pdf,/hvac/docs/1009/Public/09/37MBRAQ58_45MBAAQ60_AHU2-MD.pdf
/hvac/docs/upload_tmp/Public/Mike/37MBRAQ58_45MBAAQ60_AHU2 - PAY.pdf,/hvac/docs/1009/Public/00/37MBRAQ58_45MBAAQ60_AHU2-PAY.pdf
/hvac/docs/upload_tmp/Public/Mike/37MBRAQ58_45MBDAQ58_HS.pdf,/hvac/docs/1009/Public/04/37MBRAQ58_45MBDAQ58_HS.pdf
/hvac/docs/upload_tmp/Public/Mike/37MBRAQ58_45MCFAQ58_CF.pdf,/hvac/docs/1009/Public/00/37MBRAQ58_45MCFAQ58_CF.pdf
/hvac/docs/upload_tmp/Public/Mike/37MBRAQ58_45MCFAQ58_CF - BRY.pdf,/hvac/docs/1009/Public/08/37MBRAQ58_45MCFAQ58_CF-BRY.pdf
/hvac/docs/upload_tmp/Public/Mike/37MBRAQ58_45MCFAQ58_CF - MD.pdf,/hvac/docs/1009/Public/08/37MBRAQ58_45MCFAQ58_CF-MD.pdf
/hvac/docs/upload_tmp/Public/Mike/37MBRAQ58_45MCFAQ58_CF - PAY.pdf,/hvac/docs/1009/Public/08/37MBRAQ58_45MCFAQ58_CF-PAY.pdf
/hvac/docs/upload_tmp/Public/Mike/37MVRAQ 09_D5MVHAQ09.pdf,/hvac/docs/1009/Public/0C/37MVRAQ 09_D5MVHAQ09.pdf
/hvac/docs/upload_tmp/Public/Mike/37MVRAQ 09_D5MVHAQ09 - 115V.pdf,/hvac/docs/1009/Public/0F/37MVRAQ 09_D5MVHAQ09 - 115V.pdf
/hvac/docs/upload_tmp/Public/Mike/37MVRAQ 12_D5MVHAQ12.pdf,/hvac/docs/1009/Public/07/37MVRAQ 12_D5MVHAQ12.pdf
/hvac/docs/upload_tmp/Public/Mike/37MVRAQ 12_D5MVHAQ12 - 115V.pdf,/hvac/docs/1009/Public/0A/37MVRAQ 12_D5MVHAQ12 - 115V.pdf
/hvac/docs/upload_tmp/Public/Mike/37MVRAQ 18_D5MVHAQ18.pdf,/hvac/docs/1009/Public/0D/37MVRAQ 18_D5MVHAQ18.pdf
/hvac/docs/upload_tmp/Public/Mike/37MVRAQ 24_D5MVHAQ24.pdf,/hvac/docs/1009/Public/06/37MVRAQ 24_D5MVHAQ24.pdf
/hvac/docs/upload_tmp/Public/Mike/45MBAAQ18XB3-CN.pdf,/hvac/docs/1009/Public/09/45MBAAQ18XB3-CN.pdf
/hvac/docs/upload_tmp/Public/Mike/45MBAAQ18XB3 - MD.pdf,/hvac/docs/1009/Public/01/45MBAAQ18XB3-MD.pdf
/hvac/docs/upload_tmp/Public/Mike/45MBAAQ24XB3-CN.pdf,/hvac/docs/1009/Public/08/45MBAAQ24XB3-CN.pdf
/hvac/docs/upload_tmp/Public/Mike/45MBAAQ24XB3 - MD.pdf,/hvac/docs/1009/Public/06/45MBAAQ24XB3-MD.pdf
/hvac/docs/upload_tmp/Public/Mike/45MBAAQ30XB3-CN.pdf,/hvac/docs/1009/Public/04/45MBAAQ30XB3-CN.pdf
/hvac/docs/upload_tmp/Public/Mike/45MBAAQ30XB3 - MD.pdf,/hvac/docs/1009/Public/02/45MBAAQ30XB3-MD.pdf
/hvac/docs/upload_tmp/Public/Mike/45MBAAQ36XA3-CN.pdf,/hvac/docs/1009/Public/00/45MBAAQ36XA3-CN.pdf
/hvac/docs/upload_tmp/Public/Mike/45MBAAQ36XA3 - MD.pdf,/hvac/docs/1009/Public/0E/45MBAAQ36XA3-MD.pdf
/hvac/docs/upload_tmp/Public/Mike/45MBAAQ36XB3-CN.pdf,/hvac/docs/1009/Public/06/45MBAAQ36XB3-CN.pdf
/hvac/docs/upload_tmp/Public/Mike/45MBAAQ36XB3 - MD.pdf,/hvac/docs/1009/Public/00/45MBAAQ36XB3-MD.pdf
/hvac/docs/upload_tmp/Public/Mike/45MBAAQ48XA3-CN.pdf,/hvac/docs/1009/Public/09/45MBAAQ48XA3-CN.pdf
/hvac/docs/upload_tmp/Public/Mike/45MBAAQ48XA3 - MD.pdf,/hvac/docs/1009/Public/08/45MBAAQ48XA3-MD.pdf
/hvac/docs/upload_tmp/Public/Mike/45MBAAQ60XA3-CN.pdf,/hvac/docs/1009/Public/0A/45MBAAQ60XA3-CN.pdf
/hvac/docs/upload_tmp/Public/Mike/45MBAAQ60XA3 - MD.pdf,/hvac/docs/1009/Public/02/45MBAAQ60XA3-MD.pdf
/hvac/docs/upload_tmp/Public/Mike/45MBCAQ12XA3-CN.pdf,/hvac/docs/1009/Public/05/45MBCAQ12XA3-CN.pdf
/hvac/docs/upload_tmp/Public/Mike/45MBCAQ18XA3-CN.pdf,/hvac/docs/1009/Public/05/45MBCAQ18XA3-CN.pdf
/hvac/docs/upload_tmp/Public/Mike/45MBCAQ24XA3-CN.pdf,/hvac/docs/1009/Public/06/45MBCAQ24XA3-CN.pdf
/hvac/docs/upload_tmp/Public/Mike/45MBDAQ06XA3-CN.pdf,/hvac/docs/1009/Public/0F/45MBDAQ06XA3-CN.pdf
/hvac/docs/upload_tmp/Public/Mike/45MBDAQ12XA3-CN.pdf,/hvac/docs/1009/Public/0C/45MBDAQ12XA3-CN.pdf
/hvac/docs/upload_tmp/Public/Mike/45MBDAQ12XH3-CN.pdf,/hvac/docs/1009/Public/00/45MBDAQ12XH3-CN.pdf
/hvac/docs/upload_tmp/Public/Mike/45MBDAQ18XA3-CN.pdf,/hvac/docs/1009/Public/06/45MBDAQ18XA3-CN.pdf
/hvac/docs/upload_tmp/Public/Mike/45MBDAQ18XH3-CN.pdf,/hvac/docs/1009/Public/00/45MBDAQ18XH3-CN.pdf
/hvac/docs/upload_tmp/Public/Mike/45MBDAQ24XH3-CN.pdf,/hvac/docs/1009/Public/03/45MBDAQ24XH3-CN.pdf
/hvac/docs/upload_tmp/Public/Mike/45MBDAQ36XH3-CN.pdf,/hvac/docs/1009/Public/08/45MBDAQ36XH3-CN.pdf
/hvac/docs/upload_tmp/Public/Mike/45MBDAQ48XH3-CN.pdf,/hvac/docs/1009/Public/0A/45MBDAQ48XH3-CN.pdf
/hvac/docs/upload_tmp/Public/Mike/45MBDAQ58XH3-CN.pdf,/hvac/docs/1009/Public/0A/45MBDAQ58XH3-CN.pdf
/hvac/docs/upload_tmp/Public/Mike/45MBFAQ09XA3-CN.pdf,/hvac/docs/1009/Public/0E/45MBFAQ09XA3-CN.pdf
/hvac/docs/upload_tmp/Public/Mike/45MBFAQ12XA3-CN.pdf,/hvac/docs/1009/Public/08/45MBFAQ12XA3-CN.pdf
/hvac/docs/upload_tmp/Public/Mike/45MBFAQ16XA3-CN.pdf,/hvac/docs/1009/Public/0B/45MBFAQ16XA3-CN.pdf
/hvac/docs/upload_tmp/Public/Mike/45MCCAQ06XA3-CN.pdf,/hvac/docs/1009/Public/0D/45MCCAQ06XA3-CN.pdf
/hvac/docs/upload_tmp/Public/Mike/45MCCAQ06XA3 - MD.pdf,/hvac/docs/1009/Public/0E/45MCCAQ06XA3-MD.pdf
/hvac/docs/upload_tmp/Public/Mike/45MCCAQ12XA3-CN.pdf,/hvac/docs/1009/Public/06/45MCCAQ12XA3-CN.pdf
/hvac/docs/upload_tmp/Public/Mike/45MCCAQ12XA3 - MD.pdf,/hvac/docs/1009/Public/0E/45MCCAQ12XA3-MD.pdf
/hvac/docs/upload_tmp/Public/Mike/45MCCAQ18XA3-CN.pdf,/hvac/docs/1009/Public/06/45MCCAQ18XA3-CN.pdf
/hvac/docs/upload_tmp/Public/Mike/45MCCAQ18XA3 - MD.pdf,/hvac/docs/1009/Public/0C/45MCCAQ18XA3-MD.pdf
/hvac/docs/upload_tmp/Public/Mike/45MCFAQ36XA3.pdf,/hvac/docs/1009/Public/07/45MCFAQ36XA3.pdf
/hvac/docs/upload_tmp/Public/Mike/45MCFAQ48XA3.pdf,/hvac/docs/1009/Public/07/45MCFAQ48XA3.pdf
/hvac/docs/upload_tmp/Public/Mike/45MCFAQ58XA3.pdf,/hvac/docs/1009/Public/0C/45MCFAQ58XA3.pdf
/hvac/docs/upload_tmp/Public/Mike/45MHHAC09XC3-CN.pdf,/hvac/docs/1009/Public/06/45MHHAC09XC3-CN.pdf
/hvac/docs/upload_tmp/Public/Mike/45MHHAC12XC1-CN.pdf,/hvac/docs/1009/Public/05/45MHHAC12XC1-CN.pdf
/hvac/docs/upload_tmp/Public/Mike/45MHHAC12XC3-CN.pdf,/hvac/docs/1009/Public/04/45MHHAC12XC3-CN.pdf
/hvac/docs/upload_tmp/Public/Mike/45MHHAC18XC3-CN.pdf,/hvac/docs/1009/Public/04/45MHHAC18XC3-CN.pdf
/hvac/docs/upload_tmp/Public/Mike/45MHHAC24XC3-CN.pdf,/hvac/docs/1009/Public/06/45MHHAC24XC3-CN.pdf
/hvac/docs/upload_tmp/Public/Mike/45MHHAQ09XC1.pdf,/hvac/docs/1009/Public/0E/45MHHAQ09XC1.pdf
/hvac/docs/upload_tmp/Public/Mike/45MHHAQ09XC3.pdf,/hvac/docs/1009/Public/07/45MHHAQ09XC3.pdf
/hvac/docs/upload_tmp/Public/Mike/45MHHAQ09XC3-BRY.pdf,/hvac/docs/1009/Public/06/45MHHAQ09XC3-BRY.pdf
/hvac/docs/upload_tmp/Public/Mike/45MHHAQ09XC3.pdf,/hvac/docs/1009/Public/06/45MHHAQ09XC3-PAY.pdf
/hvac/docs/upload_tmp/Public/Mike/45MHHAQ12XC1.pdf,/hvac/docs/1009/Public/09/45MHHAQ12XC1.pdf
/hvac/docs/upload_tmp/Public/Mike/45MHHAQ12XC3.pdf,/hvac/docs/1009/Public/0A/45MHHAQ12XC3.pdf
/hvac/docs/upload_tmp/Public/Mike/45MHHAQ12XC3-BRY.pdf,/hvac/docs/1009/Public/0C/45MHHAQ12XC3-BRY.pdf
/hvac/docs/upload_tmp/Public/Mike/45MHHAQ12XC3.pdf,/hvac/docs/1009/Public/06/45MHHAQ12XC3-PAY.pdf
/hvac/docs/upload_tmp/Public/Mike/45MPHAQ06XA3-CN.pdf,/hvac/docs/1009/Public/0C/45MPHAQ06XA3-CN.pdf
/hvac/docs/upload_tmp/Public/Mike/45MPHAQ09XA3-CN.pdf,/hvac/docs/1009/Public/04/45MPHAQ09XA3-CN.pdf
/hvac/docs/upload_tmp/Public/Mike/45MPHAQ12XA3-CN.pdf,/hvac/docs/1009/Public/0D/45MPHAQ12XA3-CN.pdf
/hvac/docs/upload_tmp/Public/Mike/45MPHAQ18XA3-CN.pdf,/hvac/docs/1009/Public/05/45MPHAQ18XA3-CN.pdf
/hvac/docs/upload_tmp/Public/Mike/D5CLRAH36_D5FCFAH36_CF - ICP.pdf,/hvac/docs/1009/Public/0F/D5CLRAH36_D5FCFAH36_CF-ICP.pdf
/hvac/docs/upload_tmp/Public/Mike/D5CLRAH36_D5FLAAH36_AHU2 -ICP.pdf,/hvac/docs/1009/Public/08/D5CLRAH36_D5FLAAH36_AHU2-ICP.pdf
/hvac/docs/upload_tmp/Public/Mike/D5CLRAH36_D5FLCAH36_4WC.pdf,/hvac/docs/1009/Public/0C/D5CLRAH36_D5FLCAH36_4WC.pdf
/hvac/docs/upload_tmp/Public/Mike/D5CLRAH48_D5FCFAH48_CF - ICP.pdf,/hvac/docs/1009/Public/02/D5CLRAH48_D5FCFAH48_CF-ICP.pdf
/hvac/docs/upload_tmp/Public/Mike/D5CLRAH48_D5FLAAH48_AHU2 -ICP.pdf,/hvac/docs/1009/Public/07/D5CLRAH48_D5FLAAH48_AHU2-ICP.pdf
/hvac/docs/upload_tmp/Public/Mike/D5CLRAH48_D5FLCAH48_4WC.pdf,/hvac/docs/1009/Public/0E/D5CLRAH48_D5FLCAH48_4WC.pdf
/hvac/docs/upload_tmp/Public/Mike/D5CLRAH58_D5FCFAH58_CF - ICP.pdf,/hvac/docs/1009/Public/09/D5CLRAH58_D5FCFAH58_CF-ICP.pdf
/hvac/docs/upload_tmp/Public/Mike/D5CLRAH58_D5FLAAH60_AHU2 -ICP.pdf,/hvac/docs/1009/Public/09/D5CLRAH58_D5FLAAH60_AHU2-ICP.pdf
/hvac/docs/upload_tmp/Public/Mike/D5CSHAH06_D5FSOAH06_1WC.pdf,/hvac/docs/1009/Public/09/D5CSHAH06_D5FSOAH06_1WC.pdf
/hvac/docs/upload_tmp/Public/Mike/D5CSHAH09_D5FSCAH12_4WC.pdf,/hvac/docs/1009/Public/05/D5CSHAH09_D5FSCAH12_4WC.pdf
/hvac/docs/upload_tmp/Public/Mike/D5CSHAH09_D5FSFAH09_FC.pdf,/hvac/docs/1009/Public/0F/D5CSHAH09_D5FSFAH09_FC.pdf
/hvac/docs/upload_tmp/Public/Mike/D5CSHAH09_D5FSOAH12_1WC.pdf,/hvac/docs/1009/Public/06/D5CSHAH09_D5FSOAH12_1WC.pdf
/hvac/docs/upload_tmp/Public/Mike/D5CSHAH12_D5FSCAH12_4WC.pdf,/hvac/docs/1009/Public/0D/D5CSHAH12_D5FSCAH12_4WC.pdf
/hvac/docs/upload_tmp/Public/Mike/D5CSHAH12_D5FSFAH12_FC.pdf,/hvac/docs/1009/Public/0A/D5CSHAH12_D5FSFAH12_FC.pdf
/hvac/docs/upload_tmp/Public/Mike/D5CSHAH12_D5FSOAH12_1WC.pdf,/hvac/docs/1009/Public/0A/D5CSHAH12_D5FSOAH12_1WC.pdf
/hvac/docs/upload_tmp/Public/Mike/D5CSHAH18_D5FSAAH18_AHU2.pdf,/hvac/docs/1009/Public/01/D5CSHAH18_D5FSAAH18_AHU2.pdf
/hvac/docs/upload_tmp/Public/Mike/D5CSHAH18_D5FSCAH18_4WC.pdf,/hvac/docs/1009/Public/03/D5CSHAH18_D5FSCAH18_4WC.pdf
/hvac/docs/upload_tmp/Public/Mike/D5CSHAH18_D5FSFAH16_FC.pdf,/hvac/docs/1009/Public/06/D5CSHAH18_D5FSFAH16_FC.pdf
/hvac/docs/upload_tmp/Public/Mike/D5CSHAH18_D5FSOAH18_1WC.pdf,/hvac/docs/1009/Public/0E/D5CSHAH18_D5FSOAH18_1WC.pdf
/hvac/docs/upload_tmp/Public/Mike/D5CSHAH24_D5FSAAH24_AHU2.pdf,/hvac/docs/1009/Public/07/D5CSHAH24_D5FSAAH24_AHU2.pdf
/hvac/docs/upload_tmp/Public/Mike/D5CSHAH24_D5FSCAH24_4WC.pdf,/hvac/docs/1009/Public/06/D5CSHAH24_D5FSCAH24_4WC.pdf
/hvac/docs/upload_tmp/Public/Mike/D5CSRAH09_D5FSCAH12_4WC.pdf,/hvac/docs/1009/Public/0A/D5CSRAH09_D5FSCAH12_4WC.pdf
/hvac/docs/upload_tmp/Public/Mike/D5CSRAH09_D5FSFAH09_FC.pdf,/hvac/docs/1009/Public/0C/D5CSRAH09_D5FSFAH09_FC.pdf
/hvac/docs/upload_tmp/Public/Mike/D5CSRAH09_D5FSHAH09.pdf,/hvac/docs/1009/Public/0D/D5CSRAH09_D5FSHAH09.pdf
/hvac/docs/upload_tmp/Public/Mike/D5CSRAH12_D5FSCAH12_4WC.pdf,/hvac/docs/1009/Public/0D/D5CSRAH12_D5FSCAH12_4WC.pdf
/hvac/docs/upload_tmp/Public/Mike/D5CSRAH12_D5FSFAH12_FC.pdf,/hvac/docs/1009/Public/0A/D5CSRAH12_D5FSFAH12_FC.pdf
/hvac/docs/upload_tmp/Public/Mike/D5CSRAH12_D5FSHAH12.pdf,/hvac/docs/1009/Public/0F/D5CSRAH12_D5FSHAH12.pdf
/hvac/docs/upload_tmp/Public/Mike/D5CSRAH18_D5FCFAH18_CF.pdf,/hvac/docs/1009/Public/00/D5CSRAH18_D5FCFAH18_CF.pdf
/hvac/docs/upload_tmp/Public/Mike/D5CSRAH18_D5FSAAH18_AHU2.pdf,/hvac/docs/1009/Public/06/D5CSRAH18_D5FSAAH18_AHU2.pdf
/hvac/docs/upload_tmp/Public/Mike/D5CSRAH18_D5FSCAH18_4WC.pdf,/hvac/docs/1009/Public/09/D5CSRAH18_D5FSCAH18_4WC.pdf
/hvac/docs/upload_tmp/Public/Mike/D5CSRAH18_D5FSFAH16_FC.pdf,/hvac/docs/1009/Public/0D/D5CSRAH18_D5FSFAH16_FC.pdf
/hvac/docs/upload_tmp/Public/Mike/D5CSRAH18_D5FSHAH18.pdf,/hvac/docs/1009/Public/0F/D5CSRAH18_D5FSHAH18.pdf
/hvac/docs/upload_tmp/Public/Mike/D5CSRAH24_D5FCFAH24_CF.pdf,/hvac/docs/1009/Public/03/D5CSRAH24_D5FCFAH24_CF.pdf
/hvac/docs/upload_tmp/Public/Mike/D5CSRAH24_D5FSAAH24_AHU2.pdf,/hvac/docs/1009/Public/07/D5CSRAH24_D5FSAAH24_AHU2.pdf
/hvac/docs/upload_tmp/Public/Mike/D5CSRAH24_D5FSCAH24_4WC.pdf,/hvac/docs/1009/Public/06/D5CSRAH24_D5FSCAH24_4WC.pdf
/hvac/docs/upload_tmp/Public/Mike/D5CSRAH24_D5FSHAH24.pdf,/hvac/docs/1009/Public/08/D5CSRAH24_D5FSHAH24.pdf
/hvac/docs/upload_tmp/Public/Mike/D5CSRAH30_D5FSAAH30_AHU2.pdf,/hvac/docs/1009/Public/0A/D5CSRAH30_D5FSAAH30_AHU2.pdf
/hvac/docs/upload_tmp/Public/Mike/D5CSRAH30_D5FSHAH30.pdf,/hvac/docs/1009/Public/0F/D5CSRAH30_D5FSHAH30.pdf
/hvac/docs/upload_tmp/Public/Mike/D5CSRAH36_D5FSAAH36_AHU2.pdf,/hvac/docs/1009/Public/03/D5CSRAH36_D5FSAAH36_AHU2.pdf
/hvac/docs/upload_tmp/Public/Mike/D5CSRAH36_D5FSHAH36.pdf,/hvac/docs/1009/Public/01/D5CSRAH36_D5FSHAH36.pdf
/hvac/docs/upload_tmp/Public/Mike/D5CVRAH09_D5FVHAH09.pdf,/hvac/docs/1009/Public/0E/D5CVRAH09_D5FVHAH09.pdf
/hvac/docs/upload_tmp/Public/Mike/D5CVRAH09_D5FVHAH09 - 115V.pdf,/hvac/docs/1009/Public/0E/D5CVRAH09_D5FVHAH09 - 115V.pdf
/hvac/docs/upload_tmp/Public/Mike/D5CVRAH12_D5FVHAH12.pdf,/hvac/docs/1009/Public/02/D5CVRAH12_D5FVHAH12.pdf
/hvac/docs/upload_tmp/Public/Mike/D5CVRAH12_D5FVHAH12 - 115V.pdf,/hvac/docs/1009/Public/02/D5CVRAH12_D5FVHAH12 - 115V.pdf
/hvac/docs/upload_tmp/Public/Mike/D5CVRAH18_D5FVHAH18.pdf,/hvac/docs/1009/Public/02/D5CVRAH18_D5FVHAH18.pdf
/hvac/docs/upload_tmp/Public/Mike/D5CVRAH24_D5FVHAH24.pdf,/hvac/docs/1009/Public/05/D5CVRAH24_D5FVHAH24.pdf
/hvac/docs/upload_tmp/Public/Mike/D5FEHAA09XCK-CN.pdf,/hvac/docs/1009/Public/0E/D5FEHAA09XCK-CN.pdf
/hvac/docs/upload_tmp/Public/Mike/D5FEHAA12XCJ-CN.pdf,/hvac/docs/1009/Public/05/D5FEHAA12XCJ-CN.pdf
/hvac/docs/upload_tmp/Public/Mike/D5FEHAA12XCK-CN.pdf,/hvac/docs/1009/Public/0D/D5FEHAA12XCK-CN.pdf
/hvac/docs/upload_tmp/Public/Mike/D5FEHAA18XCK-CN.pdf,/hvac/docs/1009/Public/0C/D5FEHAA18XCK-CN.pdf
/hvac/docs/upload_tmp/Public/Mike/D5FEHAA24XCK-CN.pdf,/hvac/docs/1009/Public/05/D5FEHAA24XCK-CN.pdf
/hvac/docs/upload_tmp/Public/Mike/D5FEHAH09XCJ-CN.pdf,/hvac/docs/1009/Public/02/D5FEHAH09XCJ-CN.pdf
/hvac/docs/upload_tmp/Public/Mike/D5FEHAH09XCK-CN.pdf,/hvac/docs/1009/Public/0C/D5FEHAH09XCK-CN.pdf
/hvac/docs/upload_tmp/Public/Mike/D5FEHAH12XCJ-CN.pdf,/hvac/docs/1009/Public/07/D5FEHAH12XCJ-CN.pdf
/hvac/docs/upload_tmp/Public/Mike/D5FEHAH12XCK-CN.pdf,/hvac/docs/1009/Public/01/D5FEHAH12XCK-CN.pdf
/hvac/docs/upload_tmp/Public/Mike/D5FLAAH36XAK.pdf,/hvac/docs/1009/Public/01/D5FLAAH36XAK.pdf
/hvac/docs/upload_tmp/Public/Mike/D5FLAAH48XAK.pdf,/hvac/docs/1009/Public/0B/D5FLAAH48XAK.pdf
/hvac/docs/upload_tmp/Public/Mike/D5FLAAH60XAK.pdf,/hvac/docs/1009/Public/0B/D5FLAAH60XAK.pdf
/hvac/docs/upload_tmp/Public/Mike/D5FPHAH06XAK-CN.pdf,/hvac/docs/1009/Public/09/D5FPHAH06XAK-CN.pdf
/hvac/docs/upload_tmp/Public/Mike/D5FPHAH09XAK-CN.pdf,/hvac/docs/1009/Public/04/D5FPHAH09XAK-CN.pdf
/hvac/docs/upload_tmp/Public/Mike/D5FPHAH12XAK-CN.pdf,/hvac/docs/1009/Public/03/D5FPHAH12XAK-CN.pdf
/hvac/docs/upload_tmp/Public/Mike/D5FPHAH18XAK-CN.pdf,/hvac/docs/1009/Public/08/D5FPHAH18XAK-CN.pdf
/hvac/docs/upload_tmp/Public/Mike/D5FSAAH18XBK-CN.pdf,/hvac/docs/1009/Public/00/D5FSAAH18XBK-CN.pdf
/hvac/docs/upload_tmp/Public/Mike/D5FSAAH24XBK-CN.pdf,/hvac/docs/1009/Public/03/D5FSAAH24XBK-CN.pdf
/hvac/docs/upload_tmp/Public/Mike/D5FSAAH30XBK-CN.pdf,/hvac/docs/1009/Public/02/D5FSAAH30XBK-CN.pdf
/hvac/docs/upload_tmp/Public/Mike/D5FSAAH36XBK-CN.pdf,/hvac/docs/1009/Public/00/D5FSAAH36XBK-CN.pdf
/hvac/docs/upload_tmp/Public/Mike/D5FSOAH06XAK-CN.pdf,/hvac/docs/1009/Public/06/D5FSOAH06XAK-CN.pdf
/hvac/docs/upload_tmp/Public/Mike/D5FSOAH12XAK-CN.pdf,/hvac/docs/1009/Public/08/D5FSOAH12XAK-CN.pdf
/hvac/docs/upload_tmp/Public/Mike/D5FSOAH18XAK-CN.pdf,/hvac/docs/1009/Public/02/D5FSOAH18XAK-CN.pdf
/hvac/docs/upload_tmp/Public/Mike/D5MPHAQ06XA3 - MD.pdf,/hvac/docs/1009/Public/0E/D5MPHAQ06XA3-MD.pdf
/hvac/docs/upload_tmp/Public/Mike/D5MPHAQ09XA3 - MD.pdf,/hvac/docs/1009/Public/0E/D5MPHAQ09XA3-MD.pdf
/hvac/docs/upload_tmp/Public/Mike/D5MPHAQ12XA3 - MD.pdf,/hvac/docs/1009/Public/07/D5MPHAQ12XA3-MD.pdf
/hvac/docs/upload_tmp/Public/Mike/D5MPHAQ18XA3 - MD.pdf,/hvac/docs/1009/Public/08/D5MPHAQ18XA3-MD.pdf
/hvac/docs/upload_tmp/Public/Mike/D5MVHAQ09XC1-CN.pdf,/hvac/docs/1009/Public/04/D5MVHAQ09XC1-CN.pdf
/hvac/docs/upload_tmp/Public/Mike/D5MVHAQ09XC3-CN.pdf,/hvac/docs/1009/Public/0E/D5MVHAQ09XC3-CN.pdf
/hvac/docs/upload_tmp/Public/Mike/D5MVHAQ12XC1-CN.pdf,/hvac/docs/1009/Public/00/D5MVHAQ12XC1-CN.pdf
/hvac/docs/upload_tmp/Public/Mike/D5MVHAQ12XC3-CN.pdf,/hvac/docs/1009/Public/02/D5MVHAQ12XC3-CN.pdf
/hvac/docs/upload_tmp/Public/Mike/D5MVHAQ18XC3-CN.pdf,/hvac/docs/1009/Public/03/D5MVHAQ18XC3-CN.pdf
/hvac/docs/upload_tmp/Public/Mike/D5MVHAQ24XC3-CN.pdf,/hvac/docs/1009/Public/09/D5MVHAQ24XC3-CN.pdf
